DATE,Day,Month,Year,Quarter,SERIES,OPEN,HIGH,LOW,PREV. CLOSE,LTP,CLOSE,VWAP,52W H,52W L,VOLUME,NO. OF  TRADES
30-Mar-26,Monday,March,2026,Q1,EQ,745.20,751.00,726.65,756.20,735.00,731.55,737.88,2037.70,726.65,103500135.00,787374.00
27-Mar-26,Friday,March,2026,Q1,EQ,773.20,774.90,754.55,782.30,757.95,756.20,761.30,2037.70,741.05,65485199.00,699107.00
25-Mar-26,Wednesday,March,2026,Q1,EQ,768.20,794.80,768.20,764.90,780.10,782.30,785.22,2037.70,741.05,59230640.00,628380.00
24-Mar-26,Tuesday,March,2026,Q1,EQ,755.00,772.75,747.70,744.15,766.50,764.90,761.63,2037.70,741.05,61269986.00,626314.00
23-Mar-26,Monday,March,2026,Q1,EQ,763.15,768.70,741.05,780.45,742.30,744.15,752.37,2037.70,741.05,72341738.00,872248.00
20-Mar-26,Friday,March,2026,Q1,EQ,785.00,793.75,778.20,798.20,781.00,780.45,784.12,2037.70,770.00,103129469.00,963682.00
19-Mar-26,Thursday,March,2026,Q1,EQ,770.00,815.65,770.00,843.05,800.00,798.20,801.78,2037.70,770.00,171637393.00,1439390.00
18-Mar-26,Wednesday,March,2026,Q1,EQ,845.35,846.80,831.60,845.35,842.00,843.05,840.38,2037.70,812.00,23507063.00,294181.00
17-Mar-26,Tuesday,March,2026,Q1,EQ,847.70,848.90,835.10,840.60,842.80,845.35,843.42,2037.70,812.00,38826979.00,457590.00
16-Mar-26,Monday,March,2026,Q1,EQ,817.00,844.50,815.65,817.00,838.80,840.60,832.00,2037.70,812.00,52182605.00,497371.00
13-Mar-26,Friday,March,2026,Q1,EQ,820.00,823.80,812.00,832.75,816.70,817.00,817.73,2037.70,812.00,41700464.00,542628.00
12-Mar-26,Thursday,March,2026,Q1,EQ,820.10,836.40,820.10,833.95,833.30,832.75,831.86,2037.70,820.10,46107561.00,683178.00
11-Mar-26,Wednesday,March,2026,Q1,EQ,845.00,848.85,827.60,849.45,834.40,833.95,834.32,2037.70,821.50,42261076.00,580385.00
10-Mar-26,Tuesday,March,2026,Q1,EQ,850.05,856.80,840.60,840.70,849.00,849.45,849.47,2037.70,821.50,52866024.00,475796.00
9-Mar-26,Monday,March,2026,Q1,EQ,825.00,842.45,821.50,857.05,839.10,840.70,833.63,2037.70,821.50,35592613.00,420429.00
6-Mar-26,Friday,March,2026,Q1,EQ,868.05,871.70,855.10,877.75,857.20,857.05,862.50,2037.70,848.00,34439647.00,706964.00
5-Mar-26,Thursday,March,2026,Q1,EQ,873.85,881.40,863.50,868.65,875.10,877.75,873.44,2037.70,848.00,31324582.00,281674.00
4-Mar-26,Wednesday,March,2026,Q1,EQ,848.00,879.30,848.00,879.40,869.00,868.65,866.00,2037.70,848.00,39862322.00,456224.00
2-Mar-26,Monday,March,2026,Q1,EQ,876.20,887.75,871.55,887.75,882.10,879.40,879.38,2037.70,871.55,38378924.00,401981.00
27-Feb-26,Friday,February,2026,Q1,EQ,898.60,898.95,885.00,898.60,887.45,887.75,889.69,2037.70,885.00,34620755.00,411801.00
26-Feb-26,Thursday,February,2026,Q1,EQ,912.00,912.00,895.00,907.60,896.00,898.60,901.32,2037.70,895.00,41165937.00,502649.00
25-Feb-26,Wednesday,February,2026,Q1,EQ,910.55,916.00,903.10,910.50,907.40,907.60,909.00,2037.70,901.00,27884303.00,323744.00
24-Feb-26,Tuesday,February,2026,Q1,EQ,927.95,927.95,909.15,923.60,911.50,910.50,915.33,2037.70,901.00,31313985.00,298283.00
23-Feb-26,Monday,February,2026,Q1,EQ,916.50,925.65,915.25,911.85,924.10,923.60,921.17,2037.70,901.00,23270122.00,228672.00
20-Feb-26,Friday,February,2026,Q1,EQ,911.00,917.85,908.40,915.60,913.15,911.85,913.52,2037.70,901.00,22654907.00,295931.00
19-Feb-26,Thursday,February,2026,Q1,EQ,929.00,929.20,912.45,924.70,914.30,915.60,918.86,2037.70,901.00,21209234.00,297364.00
18-Feb-26,Wednesday,February,2026,Q1,EQ,923.20,925.50,919.55,925.70,923.70,924.70,922.79,2037.70,901.00,12738702.00,217327.00
17-Feb-26,Tuesday,February,2026,Q1,EQ,923.00,928.10,918.60,925.80,926.45,925.70,925.32,2037.70,901.00,22599629.00,337196.00
16-Feb-26,Monday,February,2026,Q1,EQ,903.90,929.50,902.10,903.90,925.50,925.80,922.18,2037.70,901.00,18806989.00,309517.00
13-Feb-26,Friday,February,2026,Q1,EQ,913.00,928.20,901.00,920.60,903.90,903.90,912.26,2037.70,901.00,50188359.00,361977.00
12-Feb-26,Thursday,February,2026,Q1,EQ,927.00,928.60,918.50,927.10,919.75,920.60,922.37,2037.70,905.00,33872203.00,425115.00
11-Feb-26,Wednesday,February,2026,Q1,EQ,931.25,936.00,925.30,932.40,926.80,927.10,928.91,2037.70,905.00,24869804.00,368828.00
10-Feb-26,Tuesday,February,2026,Q1,EQ,930.00,940.90,929.95,937.25,932.60,932.40,933.93,2037.70,905.00,31525385.00,408707.00
9-Feb-26,Monday,February,2026,Q1,EQ,945.00,950.00,935.35,941.10,938.80,937.25,938.27,2037.70,905.00,23947829.00,274371.00
6-Feb-26,Friday,February,2026,Q1,EQ,945.00,948.10,937.60,949.70,941.00,941.10,941.73,2037.70,905.00,18120272.00,423858.00
5-Feb-26,Thursday,February,2026,Q1,EQ,956.00,956.05,946.70,953.10,949.70,949.70,950.22,2037.70,905.00,28103169.00,372775.00
4-Feb-26,Wednesday,February,2026,Q1,EQ,952.50,957.20,947.95,948.70,949.00,953.10,952.91,2037.70,905.00,24366770.00,251099.00
3-Feb-26,Tuesday,February,2026,Q1,EQ,983.75,994.00,945.00,928.10,947.65,948.70,954.45,2037.70,905.00,50336968.00,490165.00
2-Feb-26,Monday,February,2026,Q1,EQ,915.00,929.80,909.30,922.10,928.10,928.10,924.14,2037.70,905.00,28032106.00,387552.00
1-Feb-26,Sunday,February,2026,Q1,EQ,932.00,939.65,912.65,929.25,918.05,922.10,929.20,2037.70,905.00,9856486.00,146417.00
30-Jan-26,Friday,January,2026,Q1,EQ,930.00,938.90,927.75,935.50,929.00,929.25,931.84,2037.70,905.00,29691233.00,251637.00
29-Jan-26,Thursday,January,2026,Q1,EQ,930.10,939.30,924.35,932.70,935.00,935.50,933.24,2037.70,905.00,37175628.00,420812.00
28-Jan-26,Wednesday,January,2026,Q1,EQ,932.50,941.45,928.40,926.40,932.40,932.70,934.95,2037.70,905.00,35347138.00,272519.00
27-Jan-26,Tuesday,January,2026,Q1,EQ,906.00,931.20,905.00,916.10,928.00,926.40,917.11,2037.70,905.00,44753093.00,483204.00
23-Jan-26,Friday,January,2026,Q1,EQ,920.00,926.10,909.25,918.70,915.80,916.10,916.45,2037.70,909.25,30985247.00,335766.00
22-Jan-26,Thursday,January,2026,Q1,EQ,928.00,928.30,913.20,920.35,921.00,918.70,918.56,2037.70,913.20,44444755.00,572341.00
21-Jan-26,Wednesday,January,2026,Q1,EQ,925.00,932.15,915.50,931.20,921.00,920.35,924.64,2037.70,915.50,32766854.00,351406.00
20-Jan-26,Tuesday,January,2026,Q1,EQ,929.30,934.50,919.60,927.90,930.50,931.20,930.12,2037.70,919.20,36022727.00,357134.00
19-Jan-26,Monday,January,2026,Q1,EQ,935.90,936.15,919.50,931.10,925.95,927.90,927.58,2037.70,919.20,38191942.00,432335.00
16-Jan-26,Friday,January,2026,Q1,EQ,922.00,935.95,919.20,925.45,930.55,931.10,929.18,2037.70,919.20,37780235.00,361119.00
14-Jan-26,Wednesday,January,2026,Q1,EQ,930.00,940.05,920.20,937.35,925.00,925.45,929.85,2037.70,920.20,36688248.00,306076.00
13-Jan-26,Tuesday,January,2026,Q1,EQ,947.70,947.70,932.60,936.95,934.75,937.35,940.27,2037.70,929.60,32042827.00,348726.00
12-Jan-26,Monday,January,2026,Q1,EQ,937.50,942.00,929.60,939.00,936.40,936.95,936.87,2037.70,929.60,21071666.00,282222.00
9-Jan-26,Friday,January,2026,Q1,EQ,945.00,950.60,933.30,946.70,939.00,939.00,940.91,2037.70,933.30,38183839.00,324301.00
8-Jan-26,Thursday,January,2026,Q1,EQ,944.70,953.00,941.40,949.05,948.00,946.70,947.59,2037.70,939.10,21928849.00,316595.00
7-Jan-26,Wednesday,January,2026,Q1,EQ,956.00,956.45,946.00,962.20,950.25,949.05,950.10,2037.70,939.10,52884712.00,414168.00
6-Jan-26,Tuesday,January,2026,Q1,EQ,962.70,966.70,956.00,977.50,962.95,962.20,962.45,2037.70,939.10,31988783.00,459604.00
5-Jan-26,Monday,January,2026,Q1,EQ,1005.75,1006.40,976.30,1001.60,978.50,977.50,984.33,2037.70,939.10,27647379.00,382990.00
2-Jan-26,Friday,January,2026,Q1,EQ,991.15,1003.20,988.80,991.15,1000.25,1001.60,998.46,2037.70,939.10,11751459.00,178613.00
1-Jan-26,Thursday,January,2026,Q1,EQ,993.50,997.55,989.50,991.20,991.15,991.15,991.88,2037.70,939.10,7132074.00,126886.00
31-Dec-25,Wednesday,December,2025,Q4,EQ,991.00,997.60,987.60,990.90,992.90,991.20,992.61,2037.70,939.10,10963454.00,193549.00
30-Dec-25,Tuesday,December,2025,Q4,EQ,990.20,995.00,982.20,991.70,995.00,990.90,989.16,2037.70,939.10,33155849.00,393869.00
29-Dec-25,Monday,December,2025,Q4,EQ,993.10,997.40,987.20,992.10,992.80,991.70,991.31,2037.70,939.10,13545749.00,190711.00
26-Dec-25,Friday,December,2025,Q4,EQ,996.00,997.20,987.70,997.20,992.00,992.10,992.32,2037.70,939.10,9360853.00,196688.00
24-Dec-25,Wednesday,December,2025,Q4,EQ,993.00,999.40,993.00,996.60,995.30,997.20,996.34,2037.70,939.10,13699996.00,203107.00
23-Dec-25,Tuesday,December,2025,Q4,EQ,990.50,998.90,987.70,987.70,997.00,996.60,994.81,2037.70,939.10,17927849.00,227121.00
22-Dec-25,Monday,December,2025,Q4,EQ,988.00,992.90,983.90,985.50,987.20,987.70,987.63,2037.70,939.10,13540411.00,253393.00
19-Dec-25,Friday,December,2025,Q4,EQ,987.00,988.00,978.70,979.70,985.20,985.50,984.91,2037.70,939.10,25952384.00,246675.00
18-Dec-25,Thursday,December,2025,Q4,EQ,973.30,987.40,973.30,984.00,980.00,979.70,981.48,2037.70,939.10,14912404.00,412559.00
17-Dec-25,Wednesday,December,2025,Q4,EQ,996.00,996.00,980.80,994.30,985.20,984.00,985.22,2037.70,939.10,19080922.00,288605.00
16-Dec-25,Tuesday,December,2025,Q4,EQ,990.10,998.70,990.10,996.10,994.20,994.30,994.74,2037.70,939.10,20049088.00,307140.00
15-Dec-25,Monday,December,2025,Q4,EQ,992.00,1001.80,992.00,1001.50,995.00,996.10,995.95,2037.70,939.10,9790060.00,182612.00
12-Dec-25,Friday,December,2025,Q4,EQ,1003.00,1004.70,998.20,1000.30,1002.90,1001.50,1001.52,2037.70,939.10,11988618.00,153825.00
11-Dec-25,Thursday,December,2025,Q4,EQ,990.00,1002.70,988.50,989.80,999.90,1000.30,996.96,2037.70,939.10,11844809.00,177935.00
10-Dec-25,Wednesday,December,2025,Q4,EQ,997.50,998.50,985.30,997.10,990.40,989.80,990.90,2037.70,939.10,15322830.00,275347.00
9-Dec-25,Tuesday,December,2025,Q4,EQ,994.90,1002.80,994.00,1003.10,997.00,997.10,998.68,2037.70,939.10,15294322.00,206598.00
8-Dec-25,Monday,December,2025,Q4,EQ,1000.00,1006.50,997.50,1003.30,1001.80,1003.10,1002.21,2037.70,939.10,12901022.00,219872.00
5-Dec-25,Friday,December,2025,Q4,EQ,992.00,1008.00,990.20,997.20,1001.20,1003.30,1000.86,2037.70,939.10,12843366.00,192024.00
4-Dec-25,Thursday,December,2025,Q4,EQ,1000.00,1004.70,993.00,1000.50,998.50,997.20,998.28,2037.70,939.10,14528169.00,241847.00
3-Dec-25,Wednesday,December,2025,Q4,EQ,986.00,1002.30,986.00,989.80,1000.10,1000.50,993.84,2037.70,939.10,15448777.00,222651.00
2-Dec-25,Tuesday,December,2025,Q4,EQ,988.00,994.40,985.00,1002.10,991.40,989.80,990.24,2037.70,939.10,27316662.00,363303.00
1-Dec-25,Monday,December,2025,Q4,EQ,1017.50,1017.50,999.30,1007.60,1002.90,1002.10,1005.66,2037.70,939.10,16746566.00,282719.00
28-Nov-25,Friday,November,2025,Q4,EQ,1007.00,1012.05,1004.20,1009.50,1006.70,1007.60,1008.93,2037.70,939.10,15988807.00,178196.00
27-Nov-25,Thursday,November,2025,Q4,EQ,1002.10,1016.80,1001.00,1003.90,1009.05,1009.50,1010.95,2037.70,939.10,25536848.00,313073.00
26-Nov-25,Wednesday,November,2025,Q4,EQ,981.30,1006.95,981.30,989.80,1005.00,1003.90,999.58,2037.70,939.10,19494356.00,207998.00
25-Nov-25,Tuesday,November,2025,Q4,EQ,1004.00,1006.10,988.40,999.15,989.45,989.80,995.08,2037.70,939.10,24989383.00,275451.00
24-Nov-25,Monday,November,2025,Q4,EQ,1000.00,1011.45,993.60,998.05,997.85,999.15,1001.79,2037.70,939.10,32204053.00,280226.00
21-Nov-25,Friday,November,2025,Q4,EQ,1003.10,1008.30,996.55,1008.85,998.00,998.05,1001.07,2037.70,939.10,17499897.00,271649.00
20-Nov-25,Thursday,November,2025,Q4,EQ,995.30,1011.60,992.45,994.60,1008.60,1008.85,1003.81,2037.70,939.10,19850865.00,254686.00
19-Nov-25,Wednesday,November,2025,Q4,EQ,990.00,996.55,984.00,992.45,994.80,994.60,989.67,2037.70,939.10,19813847.00,201324.00
18-Nov-25,Tuesday,November,2025,Q4,EQ,997.65,999.00,990.00,996.55,990.85,992.45,994.68,2037.70,939.10,20002640.00,217914.00
17-Nov-25,Monday,November,2025,Q4,EQ,991.25,997.95,985.60,989.60,996.45,996.55,993.87,2037.70,939.10,18396408.00,197155.00
14-Nov-25,Friday,November,2025,Q4,EQ,976.05,991.65,976.05,986.65,989.00,989.60,984.95,2037.70,939.10,21386965.00,301431.00
13-Nov-25,Thursday,November,2025,Q4,EQ,984.00,990.10,982.60,989.50,985.75,986.65,986.34,2037.70,939.10,14124839.00,289471.00
12-Nov-25,Wednesday,November,2025,Q4,EQ,998.80,999.00,987.70,991.70,990.25,989.50,992.14,2037.70,939.10,13137263.00,166500.00
11-Nov-25,Tuesday,November,2025,Q4,EQ,983.50,993.50,978.00,984.50,992.00,991.70,987.26,2037.70,939.10,10200530.00,229810.00
10-Nov-25,Monday,November,2025,Q4,EQ,982.30,990.95,980.20,982.30,984.60,984.50,986.19,2037.70,939.10,15988262.00,373004.00
7-Nov-25,Friday,November,2025,Q4,EQ,980.00,984.90,974.75,984.65,984.30,982.30,979.96,2037.70,939.10,15004568.00,315369.00
6-Nov-25,Thursday,November,2025,Q4,EQ,981.00,991.05,974.00,985.25,987.50,984.65,984.48,2037.70,939.10,22279516.00,278532.00
4-Nov-25,Tuesday,November,2025,Q4,EQ,987.00,997.00,983.70,992.65,985.70,985.25,990.21,2037.70,939.10,20024544.00,302828.00
3-Nov-25,Monday,November,2025,Q4,EQ,985.00,994.55,983.30,987.30,993.40,992.65,991.15,2037.70,939.10,16607180.00,288032.00
31-Oct-25,Friday,October,2025,Q4,EQ,994.00,1004.45,981.15,998.15,987.95,987.30,989.37,2037.70,939.10,23221330.00,454775.00
30-Oct-25,Thursday,October,2025,Q4,EQ,1000.00,1009.50,997.10,1007.85,999.95,998.15,1001.53,2037.70,939.10,19962917.00,365104.00
29-Oct-25,Wednesday,October,2025,Q4,EQ,1004.90,1012.50,1000.00,1003.55,1008.50,1007.85,1007.89,2037.70,939.10,17769445.00,281715.00
28-Oct-25,Tuesday,October,2025,Q4,EQ,997.65,1008.00,995.00,1002.95,1004.90,1003.55,1001.18,2037.70,939.10,33904289.00,423621.00
27-Oct-25,Monday,October,2025,Q4,EQ,996.50,1009.05,996.20,994.75,1003.50,1002.95,1003.92,2037.70,939.10,15700796.00,297938.00
24-Oct-25,Friday,October,2025,Q4,EQ,1011.00,1011.95,991.30,1008.80,995.90,994.75,999.40,2037.70,939.10,17707768.00,362016.00
23-Oct-25,Thursday,October,2025,Q4,EQ,1016.00,1020.50,1006.00,1007.70,1006.60,1008.80,1013.19,2037.70,939.10,43526526.00,518216.00
21-Oct-25,Tuesday,October,2025,Q4,EQ,1006.00,1010.00,1004.00,1002.95,1004.00,1007.70,1008.15,2037.70,939.10,3471600.00,88749.00
20-Oct-25,Monday,October,2025,Q4,EQ,997.00,1020.00,997.00,1002.55,1003.60,1002.95,1005.08,2037.70,939.10,22195202.00,416206.00
17-Oct-25,Friday,October,2025,Q4,EQ,993.95,1009.00,986.00,994.35,1000.60,1002.55,1001.76,2037.70,939.10,25210511.00,371430.00
16-Oct-25,Thursday,October,2025,Q4,EQ,982.65,996.60,981.50,978.25,993.60,994.35,989.28,2037.70,939.10,22936566.00,362882.00
15-Oct-25,Wednesday,October,2025,Q4,EQ,975.00,984.90,973.35,977.15,978.50,978.25,979.29,2037.70,939.10,23310447.00,251500.00
14-Oct-25,Tuesday,October,2025,Q4,EQ,970.00,980.45,967.00,977.00,976.25,977.15,975.43,2037.70,939.10,22934382.00,217173.00
13-Oct-25,Monday,October,2025,Q4,EQ,974.30,981.00,972.00,980.90,977.10,977.00,977.15,2037.70,939.10,18634254.00,280003.00
10-Oct-25,Friday,October,2025,Q4,EQ,979.00,986.20,978.10,977.10,981.45,980.90,982.56,2037.70,939.10,13757080.00,237034.00
9-Oct-25,Thursday,October,2025,Q4,EQ,974.50,979.00,970.15,978.70,975.00,977.10,976.00,2037.70,939.10,15370950.00,213008.00
8-Oct-25,Wednesday,October,2025,Q4,EQ,976.00,985.90,974.55,982.50,977.20,978.70,979.57,2037.70,939.10,15939710.00,209764.00
7-Oct-25,Tuesday,October,2025,Q4,EQ,974.00,989.85,971.00,973.45,981.80,982.50,983.54,2037.70,939.10,25535736.00,246182.00
6-Oct-25,Monday,October,2025,Q4,EQ,971.90,977.40,962.00,965.15,973.90,973.45,973.33,2037.70,939.10,18542683.00,242243.00
3-Oct-25,Friday,October,2025,Q4,EQ,952.00,966.75,952.00,965.25,963.70,965.15,960.81,2037.70,939.10,26658296.00,262320.00
1-Oct-25,Wednesday,October,2025,Q4,EQ,952.70,969.60,946.00,951.00,965.80,965.25,961.75,2037.70,939.10,25350832.00,284713.00
30-Sep-25,Tuesday,September,2025,Q3,EQ,958.05,960.00,946.30,950.30,952.50,951.00,951.48,2037.70,939.10,28296687.00,254597.00
29-Sep-25,Monday,September,2025,Q3,EQ,946.05,956.80,939.10,945.05,953.40,950.30,950.17,2037.70,939.10,32398179.00,296694.00
26-Sep-25,Friday,September,2025,Q3,EQ,945.10,951.45,941.30,949.85,944.25,945.05,945.96,2037.70,940.00,14874656.00,209563.00
25-Sep-25,Thursday,September,2025,Q3,EQ,952.50,958.00,947.40,951.05,951.20,949.85,952.03,2037.70,940.00,31413279.00,256060.00
24-Sep-25,Wednesday,September,2025,Q3,EQ,952.20,956.45,943.00,957.20,951.00,951.05,949.21,2037.70,940.00,15117220.00,248417.00
23-Sep-25,Tuesday,September,2025,Q3,EQ,967.00,968.20,955.50,964.20,958.45,957.20,960.10,2037.70,940.00,21022298.00,190721.00
22-Sep-25,Monday,September,2025,Q3,EQ,964.00,971.20,961.95,966.90,965.40,964.20,966.40,2037.70,940.00,10854415.00,139126.00
19-Sep-25,Friday,September,2025,Q3,EQ,974.90,976.70,962.10,976.90,967.00,966.90,967.22,2037.70,940.00,31243267.00,220137.00
18-Sep-25,Thursday,September,2025,Q3,EQ,973.30,979.65,969.25,966.50,976.00,976.90,974.66,2037.70,940.00,17791598.00,267040.00
17-Sep-25,Wednesday,September,2025,Q3,EQ,965.15,974.40,964.35,966.85,967.00,966.50,968.39,2037.70,940.00,17361476.00,269236.00
16-Sep-25,Tuesday,September,2025,Q3,EQ,961.20,969.35,961.20,967.05,966.30,966.85,966.32,2037.70,940.00,18661794.00,201920.00
15-Sep-25,Monday,September,2025,Q3,EQ,969.60,972.35,965.00,967.30,966.10,967.05,968.58,2037.70,940.00,14486377.00,198502.00
12-Sep-25,Friday,September,2025,Q3,EQ,969.90,970.75,962.25,967.80,966.90,967.30,966.65,2037.70,940.00,14363519.00,265851.00
11-Sep-25,Thursday,September,2025,Q3,EQ,960.30,969.25,959.90,965.90,966.50,967.80,965.95,2037.70,940.00,15113633.00,220801.00
10-Sep-25,Wednesday,September,2025,Q3,EQ,973.90,973.90,961.70,965.15,965.50,965.90,966.21,2037.70,940.00,18091100.00,218336.00
9-Sep-25,Tuesday,September,2025,Q3,EQ,974.00,974.40,962.70,966.00,966.45,965.15,967.81,2037.70,940.00,13985539.00,181800.00
8-Sep-25,Monday,September,2025,Q3,EQ,969.00,973.15,960.45,963.40,967.35,966.00,967.58,2037.70,940.00,11711307.00,193535.00
5-Sep-25,Friday,September,2025,Q3,EQ,967.50,967.50,954.05,961.25,962.60,963.40,960.70,2037.70,940.00,11602111.00,210037.00
4-Sep-25,Thursday,September,2025,Q3,EQ,960.20,965.70,956.25,954.45,960.95,961.25,961.34,2037.70,940.00,17597657.00,212281.00
3-Sep-25,Wednesday,September,2025,Q3,EQ,945.00,956.30,940.00,944.50,953.95,954.45,947.66,2037.70,940.00,16083481.00,288240.00
2-Sep-25,Tuesday,September,2025,Q3,EQ,951.00,954.80,944.00,950.60,944.70,944.50,948.80,2037.70,944.00,14196320.00,343637.00
1-Sep-25,Monday,September,2025,Q3,EQ,949.60,957.45,946.35,951.60,950.80,950.60,950.62,2037.70,946.35,20178344.00,410933.00
29-Aug-25,Friday,August,2025,Q3,EQ,954.00,963.30,950.10,957.80,953.40,951.60,955.24,2037.70,950.10,14823813.00,260839.00
28-Aug-25,Thursday,August,2025,Q3,EQ,967.00,972.20,955.00,973.40,961.80,957.80,962.09,2037.70,955.00,25438255.00,377835.00
26-Aug-25,Tuesday,August,2025,Q3,EQ,979.50,985.70,968.00,1964.10,972.30,973.40,973.26,2037.70,968.00,16917731.00,296302.00
25-Aug-25,Monday,August,2025,Q3,EQ,1960.20,1977.40,1957.00,1964.60,1969.20,1964.10,1967.27,2037.70,1613.00,8759022.00,217503.00
22-Aug-25,Friday,August,2025,Q3,EQ,1989.90,1996.00,1957.10,1991.20,1965.50,1964.60,1968.66,2037.70,1613.00,9916751.00,253318.00
21-Aug-25,Thursday,August,2025,Q3,EQ,1997.50,1997.50,1983.20,1988.20,1990.50,1991.20,1991.62,2037.70,1613.00,6219925.00,160599.00
20-Aug-25,Wednesday,August,2025,Q3,EQ,1987.00,1992.00,1979.00,1991.10,1988.30,1988.20,1985.13,2037.70,1613.00,4975114.00,173424.00
19-Aug-25,Tuesday,August,2025,Q3,EQ,1998.30,2006.10,1986.70,2003.60,1990.00,1991.10,1995.49,2037.70,1613.00,6176219.00,170899.00
18-Aug-25,Monday,August,2025,Q3,EQ,2010.00,2026.60,1995.60,1991.10,2005.00,2003.60,2008.73,2037.70,1613.00,9642398.00,220027.00
14-Aug-25,Thursday,August,2025,Q3,EQ,1978.00,1996.00,1971.20,1980.30,1989.50,1991.10,1990.18,2037.70,1601.15,8755858.00,174342.00
13-Aug-25,Wednesday,August,2025,Q3,EQ,1994.00,1994.00,1969.10,1969.90,1979.90,1980.30,1977.14,2037.70,1601.15,6788698.00,177703.00
12-Aug-25,Tuesday,August,2025,Q3,EQ,1991.90,1996.00,1967.50,1995.60,1969.70,1969.90,1978.54,2037.70,1601.15,6468901.00,237925.00
11-Aug-25,Monday,August,2025,Q3,EQ,1975.90,1997.60,1973.10,1973.90,1992.00,1995.60,1986.89,2037.70,1601.15,4552927.00,165998.00
8-Aug-25,Friday,August,2025,Q3,EQ,1987.10,1992.80,1970.00,1995.40,1972.00,1973.90,1978.99,2037.70,1593.30,6947632.00,178320.00
7-Aug-25,Thursday,August,2025,Q3,EQ,1980.10,2001.60,1976.80,1985.30,1998.00,1995.40,1986.09,2037.70,1593.30,6540593.00,223527.00
6-Aug-25,Wednesday,August,2025,Q3,EQ,1971.10,1988.00,1970.00,1977.60,1987.00,1985.30,1978.39,2037.70,1593.30,7040102.00,211058.00
5-Aug-25,Tuesday,August,2025,Q3,EQ,1986.50,1994.40,1965.50,1992.00,1981.00,1977.60,1975.61,2037.70,1593.30,11989029.00,194332.00
4-Aug-25,Monday,August,2025,Q3,EQ,2010.10,2018.50,1988.10,2012.20,1994.40,1992.00,1997.96,2037.70,1593.30,6966973.00,248150.00
1-Aug-25,Friday,August,2025,Q3,EQ,2014.00,2028.30,2009.30,2018.20,2016.90,2012.20,2015.24,2037.70,1593.30,5658629.00,138595.00
31-Jul-25,Thursday,July,2025,Q3,EQ,2014.60,2031.40,2008.00,2025.80,2018.00,2018.20,2020.81,2037.70,1593.30,11091516.00,199191.00
30-Jul-25,Wednesday,July,2025,Q3,EQ,2028.00,2032.60,2017.00,2021.60,2025.90,2025.80,2023.94,2037.70,1593.30,7577018.00,152763.00
29-Jul-25,Tuesday,July,2025,Q3,EQ,1999.90,2026.50,1996.30,2008.50,2023.00,2021.60,2015.07,2037.70,1593.30,9947848.00,234546.00
28-Jul-25,Monday,July,2025,Q3,EQ,2003.00,2021.40,2000.50,2004.60,2009.90,2008.50,2011.08,2037.70,1593.30,6029790.00,219624.00
25-Jul-25,Friday,July,2025,Q3,EQ,2015.00,2015.00,1999.00,2014.20,2005.00,2004.60,2005.63,2037.70,1588.05,4653299.00,163735.00
24-Jul-25,Thursday,July,2025,Q3,EQ,2037.70,2037.70,2008.40,2024.30,2011.70,2014.20,2019.12,2037.70,1588.05,9553588.00,183573.00
23-Jul-25,Wednesday,July,2025,Q3,EQ,2011.00,2029.80,2003.00,2007.10,2024.50,2024.30,2019.97,2029.80,1588.05,6817458.00,191989.00
22-Jul-25,Tuesday,July,2025,Q3,EQ,2013.10,2018.00,2003.00,2000.50,2005.00,2007.10,2009.05,2027.10,1588.05,7418407.00,226727.00
21-Jul-25,Monday,July,2025,Q3,EQ,1978.20,2002.00,1976.50,1957.40,2001.50,2000.50,1993.45,2027.10,1588.05,11154539.00,275691.00
18-Jul-25,Friday,July,2025,Q3,EQ,1986.90,1997.00,1953.00,1986.90,1956.00,1957.40,1968.80,2027.10,1588.05,8064723.00,221823.00
17-Jul-25,Thursday,July,2025,Q3,EQ,2004.00,2004.80,1982.70,1996.30,1986.00,1986.90,1991.85,2027.10,1588.05,11264579.00,256020.00
16-Jul-25,Wednesday,July,2025,Q3,EQ,2018.00,2022.70,1992.60,1995.50,1996.00,1996.30,2005.54,2027.10,1588.05,8997306.00,216845.00
15-Jul-25,Tuesday,July,2025,Q3,EQ,1973.00,2003.60,1973.00,1983.00,1998.00,1995.50,1993.02,2027.10,1588.05,7249084.00,157806.00
14-Jul-25,Monday,July,2025,Q3,EQ,1983.00,1988.70,1970.60,1983.70,1982.90,1983.00,1978.80,2027.10,1588.05,6544425.00,132854.00
11-Jul-25,Friday,July,2025,Q3,EQ,1998.00,2004.80,1980.90,2006.20,1983.00,1983.70,1987.41,2027.10,1588.05,6258461.00,125871.00
10-Jul-25,Thursday,July,2025,Q3,EQ,2016.00,2017.00,2000.00,2011.20,2002.80,2006.20,2008.54,2027.10,1588.05,8515155.00,184619.00
9-Jul-25,Wednesday,July,2025,Q3,EQ,2007.00,2013.80,1998.10,2001.40,2008.50,2011.20,2007.10,2027.10,1588.05,6930714.00,151284.00
8-Jul-25,Tuesday,July,2025,Q3,EQ,1977.00,2005.00,1977.00,1987.40,1999.40,2001.40,1992.88,2027.10,1588.05,7612158.00,199823.00
7-Jul-25,Monday,July,2025,Q3,EQ,1989.00,1998.40,1983.80,1989.30,1985.50,1987.40,1989.37,2027.10,1588.05,5674713.00,163393.00
4-Jul-25,Friday,July,2025,Q3,EQ,1987.10,2003.50,1980.00,1987.10,1992.70,1989.30,1987.51,2027.10,1588.05,3931972.00,150676.00
3-Jul-25,Thursday,July,2025,Q3,EQ,1994.90,2008.00,1984.30,1986.00,1985.90,1987.10,1993.22,2027.10,1588.05,8430253.00,182242.00
2-Jul-25,Wednesday,July,2025,Q3,EQ,2019.90,2019.90,1977.90,2012.10,1985.50,1986.00,1990.25,2027.10,1588.05,9439125.00,268429.00
1-Jul-25,Tuesday,July,2025,Q3,EQ,2005.00,2016.00,2004.00,2001.50,2011.10,2012.10,2010.15,2027.10,1588.05,7194693.00,169976.00
30-Jun-25,Monday,June,2025,Q2,EQ,2011.50,2013.80,1995.50,2014.90,2000.00,2001.50,2001.16,2027.10,1588.05,6824510.00,199780.00
27-Jun-25,Friday,June,2025,Q2,EQ,2013.00,2019.80,1993.40,2021.80,2011.50,2014.90,2011.75,2027.10,1588.05,14106692.00,226961.00
26-Jun-25,Thursday,June,2025,Q2,EQ,1981.40,2027.10,1980.00,1980.20,2017.70,2021.80,2011.21,2027.10,1588.05,25042415.00,343662.00
25-Jun-25,Wednesday,June,2025,Q2,EQ,1966.00,1982.00,1963.90,1960.90,1980.00,1980.20,1977.13,1996.30,1588.05,9202966.00,206190.00
24-Jun-25,Tuesday,June,2025,Q2,EQ,1965.00,1979.00,1955.60,1948.40,1963.70,1960.90,1964.12,1996.30,1588.05,11312661.00,231814.00
23-Jun-25,Monday,June,2025,Q2,EQ,1948.40,1957.90,1941.80,1964.70,1948.10,1948.40,1948.19,1996.30,1588.05,5869759.00,176324.00
20-Jun-25,Friday,June,2025,Q2,EQ,1931.60,1969.90,1931.60,1935.30,1963.10,1964.70,1960.39,1996.30,1588.05,16450204.00,261970.00
19-Jun-25,Thursday,June,2025,Q2,EQ,1933.90,1946.80,1925.60,1933.90,1933.10,1935.30,1937.61,1996.30,1588.05,8438110.00,202215.00
18-Jun-25,Wednesday,June,2025,Q2,EQ,1917.00,1936.30,1917.00,1929.60,1932.50,1933.90,1928.12,1996.30,1588.05,9216908.00,251910.00
17-Jun-25,Tuesday,June,2025,Q2,EQ,1937.00,1941.60,1919.10,1935.40,1926.00,1929.60,1927.55,1996.30,1588.05,8489368.00,219738.00
16-Jun-25,Monday,June,2025,Q2,EQ,1924.00,1938.90,1920.10,1917.60,1936.90,1935.40,1933.31,1996.30,1588.05,8256873.00,199177.00
13-Jun-25,Friday,June,2025,Q2,EQ,1920.00,1933.00,1913.00,1943.40,1919.50,1917.60,1920.08,1996.30,1552.20,6058881.00,187789.00
12-Jun-25,Thursday,June,2025,Q2,EQ,1950.00,1961.00,1935.30,1950.40,1940.00,1943.40,1945.18,1996.30,1552.20,8174565.00,179174.00
11-Jun-25,Wednesday,June,2025,Q2,EQ,1967.60,1967.60,1947.00,1965.30,1947.90,1950.40,1956.28,1996.30,1552.20,5548197.00,181762.00
10-Jun-25,Tuesday,June,2025,Q2,EQ,1982.80,1982.80,1961.10,1978.90,1962.80,1965.30,1967.94,1996.30,1552.20,7766563.00,281306.00
9-Jun-25,Monday,June,2025,Q2,EQ,1995.00,1995.00,1975.90,1978.70,1980.10,1978.90,1982.15,1996.30,1552.20,6601294.00,203285.00
6-Jun-25,Friday,June,2025,Q2,EQ,1944.00,1996.30,1942.70,1949.60,1978.00,1978.70,1976.03,1996.30,1454.00,15063504.00,354572.00
5-Jun-25,Thursday,June,2025,Q2,EQ,1948.00,1958.90,1940.20,1941.20,1952.00,1949.60,1950.15,1978.90,1454.00,11127709.00,216860.00
4-Jun-25,Wednesday,June,2025,Q2,EQ,1921.00,1943.30,1920.90,1924.60,1939.50,1941.20,1935.52,1978.90,1454.00,6480771.00,205372.00
3-Jun-25,Tuesday,June,2025,Q2,EQ,1938.00,1952.00,1920.00,1932.10,1923.50,1924.60,1933.85,1978.90,1454.00,12188792.00,202204.00
2-Jun-25,Monday,June,2025,Q2,EQ,1930.10,1936.00,1908.00,1944.90,1931.00,1932.10,1924.65,1978.90,1454.00,7334411.00,202297.00
30-May-25,Friday,May,2025,Q2,EQ,1931.90,1948.80,1925.40,1927.50,1941.50,1944.90,1939.36,1978.90,1454.00,14374039.00,152055.00
29-May-25,Thursday,May,2025,Q2,EQ,1928.00,1940.80,1907.30,1923.50,1937.60,1927.50,1921.28,1978.90,1454.00,14458897.00,215462.00
28-May-25,Wednesday,May,2025,Q2,EQ,1920.20,1934.50,1917.70,1926.30,1928.40,1923.50,1922.92,1978.90,1454.00,9078797.00,179687.00
27-May-25,Tuesday,May,2025,Q2,EQ,1931.60,1948.00,1916.30,1940.20,1926.80,1926.30,1927.12,1978.90,1454.00,13081074.00,202672.00
26-May-25,Monday,May,2025,Q2,EQ,1935.00,1949.90,1926.90,1933.60,1940.30,1940.20,1939.47,1978.90,1454.00,5401430.00,201842.00
23-May-25,Friday,May,2025,Q2,EQ,1920.10,1937.00,1914.50,1919.90,1933.50,1933.60,1929.98,1978.90,1448.15,4783036.00,116301.00
22-May-25,Thursday,May,2025,Q2,EQ,1915.20,1924.20,1905.20,1926.80,1924.00,1919.90,1914.84,1978.90,1448.15,10653335.00,255429.00
21-May-25,Wednesday,May,2025,Q2,EQ,1927.00,1946.90,1921.10,1914.90,1925.20,1926.80,1930.42,1978.90,1448.15,7566020.00,205548.00
20-May-25,Tuesday,May,2025,Q2,EQ,1928.10,1934.60,1913.00,1938.70,1917.10,1914.90,1918.55,1978.90,1448.15,11939545.00,176524.00
19-May-25,Monday,May,2025,Q2,EQ,1937.00,1945.00,1931.00,1934.70,1937.10,1938.70,1938.13,1978.90,1448.15,5101482.00,156815.00
16-May-25,Friday,May,2025,Q2,EQ,1933.80,1943.80,1928.40,1933.80,1934.50,1934.70,1933.50,1978.90,1430.30,7934005.00,175140.00
15-May-25,Thursday,May,2025,Q2,EQ,1913.50,1944.80,1897.00,1910.60,1933.80,1933.80,1923.01,1978.90,1430.30,16120729.00,224596.00
14-May-25,Wednesday,May,2025,Q2,EQ,1922.10,1930.20,1903.00,1922.60,1913.50,1910.60,1914.76,1978.90,1430.30,7722654.00,189542.00
13-May-25,Tuesday,May,2025,Q2,EQ,1950.00,1961.70,1920.00,1957.20,1924.90,1922.60,1930.60,1978.90,1430.30,12121051.00,234495.00
12-May-25,Monday,May,2025,Q2,EQ,1917.60,1959.90,1912.30,1889.70,1956.40,1957.20,1948.86,1978.90,1430.30,9309486.00,207249.00
9-May-25,Friday,May,2025,Q2,EQ,1910.10,1919.00,1886.80,1928.50,1893.30,1889.70,1894.97,1978.90,1426.80,8594398.00,292155.00
8-May-25,Thursday,May,2025,Q2,EQ,1954.80,1954.80,1919.10,1945.60,1921.50,1928.50,1933.80,1978.90,1426.80,17401715.00,280256.00
7-May-25,Wednesday,May,2025,Q2,EQ,1934.00,1948.70,1922.40,1931.70,1945.00,1945.60,1939.91,1978.90,1426.80,10710389.00,178998.00
6-May-25,Tuesday,May,2025,Q2,EQ,1930.00,1940.10,1924.30,1936.80,1928.60,1931.70,1931.89,1978.90,1426.80,8745078.00,140830.00
5-May-25,Monday,May,2025,Q2,EQ,1939.00,1952.00,1932.30,1925.00,1935.80,1936.80,1940.79,1978.90,1426.80,7534012.00,160044.00
2-May-25,Friday,May,2025,Q2,EQ,1929.80,1941.90,1920.00,1925.00,1923.50,1925.00,1930.63,1978.90,1426.80,11406024.00,236285.00
30-Apr-25,Wednesday,April,2025,Q2,EQ,1913.00,1936.90,1910.30,1908.80,1920.10,1925.00,1925.02,1978.90,1426.80,15968435.00,275126.00
29-Apr-25,Tuesday,April,2025,Q2,EQ,1918.80,1928.80,1900.20,1920.20,1906.00,1908.80,1909.52,1978.90,1426.80,9459154.00,186299.00
28-Apr-25,Monday,April,2025,Q2,EQ,1911.20,1929.70,1908.40,1911.20,1921.00,1920.20,1922.17,1978.90,1426.80,6960246.00,155527.00
25-Apr-25,Friday,April,2025,Q2,EQ,1924.80,1933.00,1891.80,1916.80,1908.00,1911.20,1911.37,1978.90,1426.80,9250439.00,201781.00
24-Apr-25,Thursday,April,2025,Q2,EQ,1910.00,1923.90,1905.10,1923.90,1914.90,1916.80,1916.73,1978.90,1426.80,12965877.00,227034.00
23-Apr-25,Wednesday,April,2025,Q2,EQ,1978.90,1978.90,1920.50,1961.70,1920.70,1923.90,1939.04,1978.90,1426.80,15285321.00,247823.00
22-Apr-25,Tuesday,April,2025,Q2,EQ,1935.00,1970.60,1935.00,1927.10,1960.00,1961.70,1957.16,1970.60,1426.80,22980875.00,512026.00
21-Apr-25,Monday,April,2025,Q2,EQ,1924.00,1950.70,1910.00,1906.70,1925.20,1927.10,1930.83,1950.70,1426.80,17123649.00,411337.00
17-Apr-25,Thursday,April,2025,Q2,EQ,1882.00,1919.70,1876.70,1878.00,1905.80,1906.70,1901.41,1919.70,1426.80,17851542.00,394807.00
16-Apr-25,Wednesday,April,2025,Q2,EQ,1883.80,1883.80,1860.50,1864.90,1875.90,1878.00,1874.15,1883.80,1426.80,9568410.00,252887.00
15-Apr-25,Tuesday,April,2025,Q2,EQ,1865.00,1876.80,1855.00,1806.75,1865.60,1864.90,1866.76,1880.00,1426.80,24649172.00,360194.00
11-Apr-25,Friday,April,2025,Q2,EQ,1774.75,1819.40,1774.75,1765.00,1805.20,1806.75,1803.31,1880.00,1426.80,16387883.00,395826.00
9-Apr-25,Wednesday,April,2025,Q2,EQ,1765.00,1775.00,1753.50,1769.15,1765.30,1765.00,1761.66,1880.00,1426.80,11227304.00,207950.00
8-Apr-25,Tuesday,April,2025,Q2,EQ,1765.00,1782.00,1750.30,1757.70,1770.15,1769.15,1769.16,1880.00,1426.80,17781936.00,355184.00
7-Apr-25,Monday,April,2025,Q2,EQ,1762.80,1779.85,1738.20,1817.30,1760.05,1757.70,1759.15,1880.00,1426.80,18997725.00,374557.00
4-Apr-25,Friday,April,2025,Q2,EQ,1813.00,1841.95,1811.10,1794.85,1816.80,1817.30,1824.22,1880.00,1426.80,16770227.00,316416.00
3-Apr-25,Thursday,April,2025,Q2,EQ,1781.10,1804.00,1777.00,1796.90,1792.80,1794.85,1794.09,1880.00,1426.80,5625019.00,147618.00
2-Apr-25,Wednesday,April,2025,Q2,EQ,1770.70,1799.20,1770.70,1767.85,1798.90,1796.90,1791.24,1880.00,1426.80,5786782.00,144509.00
1-Apr-25,Tuesday,April,2025,Q2,EQ,1802.00,1809.90,1765.35,1828.20,1769.90,1767.85,1781.74,1880.00,1426.80,14255503.00,409481.00
